{
  "app:toggle-left-sidebar": [
    {
      "modifiers": [
        "Mod"
      ],
      "key": "S"
    }
  ],
  "app:toggle-right-sidebar": [
    {
      "modifiers": [
        "Mod"
      ],
      "key": "R"
    }
  ],
  "editor:save-file": [
    {
      "modifiers": [
        "Alt",
        "Ctrl",
        "Mod",
        "Shift"
      ],
      "key": "S"
    }
  ],
  "editor:set-heading-1": [
    {
      "modifiers": [
        "Mod"
      ],
      "key": "1"
    }
  ],
  "editor:set-heading-2": [
    {
      "modifiers": [
        "Mod"
      ],
      "key": "2"
    }
  ],
  "editor:set-heading-3": [
    {
      "modifiers": [
        "Mod"
      ],
      "key": "3"
    }
  ],
  "workspace:goto-tab-1": [],
  "workspace:goto-tab-2": [],
  "workspace:goto-tab-3": [],
  "workspace:goto-tab-4": [],
  "workspace:goto-tab-5": [],
  "workspace:goto-tab-6": [],
  "workspace:goto-tab-7": [],
  "workspace:goto-tab-8": [],
  "obsidian-minimal-settings:toggle-minimal-switch": [
    {
      "modifiers": [
        "Alt",
        "Ctrl"
      ],
      "key": "M"
    }
  ]
}