{
  "main": {
    "id": "b1d276d4c9302c74",
    "type": "split",
    "children": [
      {
        "id": "f4c7a45903c8f255",
        "type": "tabs",
        "children": [
          {
            "id": "49efce603cbd8551",
            "type": "leaf",
            "state": {
              "type": "empty",
              "state": {}
            }
          },
          {
            "id": "e9f362b004cd8b5d",
            "type": "leaf",
            "state": {
              "type": "markdown",
              "state": {
                "file": "Writing/From Chaos to Clarity — The Pursuit of a Distraction-Free Digital Environment.md",
                "mode": "source",
                "source": false
              }
            }
          }
        ],
        "currentTab": 1
      }
    ],
    "direction": "vertical"
  },
  "left": {
    "id": "ac9915b0630b0639",
    "type": "split",
    "children": [
      {
        "id": "c1b0d2f49d0f30a5",
        "type": "tabs",
        "children": [
          {
            "id": "254b3064da00735e",
            "type": "leaf",
            "state": {
              "type": "file-explorer",
              "state": {
                "sortOrder": "byModifiedTime"
              }
            }
          },
          {
            "id": "d70c70dc55fefced",
            "type": "leaf",
            "state": {
              "type": "search",
              "state": {
                "query": "",
                "matchingCase": false,
                "explainSearch": false,
                "collapseAll": false,
                "extraContext": false,
                "sortOrder": "alphabetical"
              }
            }
          },
          {
            "id": "99e28888ded112ec",
            "type": "leaf",
            "state": {
              "type": "bookmarks",
              "state": {}
            }
          }
        ]
      }
    ],
    "direction": "horizontal",
    "width": 333.5
  },
  "right": {
    "id": "509b8047d07f804e",
    "type": "split",
    "children": [
      {
        "id": "9f69c8deaebb9914",
        "type": "tabs",
        "children": [
          {
            "id": "3c822948ec710ab8",
            "type": "leaf",
            "state": {
              "type": "backlink",
              "state": {
                "file": "Writing/From Chaos to Clarity — The Pursuit of a Distraction-Free Digital Environment.md",
                "collapseAll": false,
                "extraContext": false,
                "sortOrder": "alphabetical",
                "showSearch": false,
                "searchQuery": "",
                "backlinkCollapsed": false,
                "unlinkedCollapsed": true
              }
            }
          },
          {
            "id": "b360c317c4b5b6ba",
            "type": "leaf",
            "state": {
              "type": "outgoing-link",
              "state": {
                "file": "Writing/From Chaos to Clarity — The Pursuit of a Distraction-Free Digital Environment.md",
                "linksCollapsed": false,
                "unlinkedCollapsed": true
              }
            }
          },
          {
            "id": "7d0ffbe743426d68",
            "type": "leaf",
            "state": {
              "type": "tag",
              "state": {
                "sortOrder": "frequency",
                "useHierarchy": true
              }
            }
          },
          {
            "id": "5fd91251d25ab6f0",
            "type": "leaf",
            "state": {
              "type": "outline",
              "state": {
                "file": "Writing/From Chaos to Clarity — The Pursuit of a Distraction-Free Digital Environment.md"
              }
            }
          }
        ]
      }
    ],
    "direction": "horizontal",
    "width": 300,
    "collapsed": true
  },
  "left-ribbon": {
    "hiddenItems": {
      "switcher:Open quick switcher": false,
      "graph:Open graph view": false,
      "canvas:Create new canvas": false,
      "daily-notes:Open today's daily note": false,
      "templates:Insert template": false,
      "command-palette:Open command palette": false,
      "templater-obsidian:Templater": false,
      "periodic-notes:Open today": false
    }
  },
  "active": "254b3064da00735e",
  "lastOpenFiles": [
    "Articles/From Chaos to Clarity — The Pursuit of a Distraction-Free Digital Environment.md",
    "Templates/Hello.md",
    "Poems/Enchanting Simplicity – The Magic of Obsidian.md",
    "Templates/Contact Template.md",
    "Inbox/Dad's Credit (BMO Visa).md",
    "Articles",
    "Poems",
    "Journal/Daily/2024.02.16.Fri.md",
    "Inbox/iA Writer — A Promise to Myself.md",
    "Inbox/The Magic of Obsidian A.md",
    "Finances/Cards",
    "Journal/Monthly",
    "Journal/Weekly",
    "Journal/Daily",
    "Inbox/Heading 1.md",
    "Templates/New Note Template.md",
    "Templates/Journal Template.md",
    "Journal/Untitled.md",
    "2024-02-16.md",
    "Inbox"
  ]
}